method,param,segments_per_tile,ASA,boundary_recall,oracle_mIoU,sec_per_tile,failed_tiles
felzenszwalb,1500.0000,93.9833,0.7810,0.1544,0.5091,0.8067,0
felzenszwalb,400.0000,269.5833,0.8772,0.3662,0.7483,0.8467,0
felzenszwalb,100.0000,838.8167,0.9581,0.5923,0.8937,0.8271,0
gmm_cc,5.0000,518.4500,0.8942,0.4188,0.7447,0.3705,0
gmm_cc,8.0000,920.6500,0.9211,0.5091,0.8045,0.5917,0
gmm_cc,16.0000,2297.0500,0.9504,0.6295,0.8643,0.8766,0
kmeans_cc,5.0000,395.0333,0.8822,0.5370,0.7225,0.2554,0
kmeans_cc,8.0000,1129.9167,0.9013,0.6299,0.7593,0.3359,0
kmeans_cc,16.0000,2913.4667,0.9289,0.7615,0.8072,0.6357,0
meanshift,1.2000,298.7000,0.9196,0.3418,0.7939,5.9547,0
meanshift,0.9000,657.2333,0.9499,0.4828,0.8731,6.9701,0
meanshift,0.6000,1239.6833,0.9685,0.6094,0.9154,7.2067,0
ncut,200.0000,13.8833,0.7935,0.0907,0.5396,2.3428,0
ncut,400.0000,39.5085,0.8102,0.1666,0.5735,5.8309,1
quickshift,8.0000,126.2167,0.9300,0.2803,0.8159,13.5695,0
quickshift,5.0000,407.9000,0.9560,0.4311,0.8821,5.5314,0
quickshift,3.0000,1402.3000,0.9722,0.6429,0.9234,2.2535,0
rag_merge,30.0000,244.3833,0.8926,0.4238,0.7403,2.5990,0
rag_merge,18.0000,383.9167,0.9434,0.5098,0.8344,2.3528,0
rag_merge,10.0000,543.4833,0.9592,0.5588,0.8845,2.2768,0
slic_hed,100.0000,100.0000,0.9271,0.1723,0.8057,0.3741,0
slic_hed,300.0000,289.0000,0.9530,0.2842,0.8755,0.4216,0
slic_hed,1000.0000,1023.9833,0.9738,0.5104,0.9277,0.4283,0
slic_lab,100.0000,40.3000,0.8927,0.2136,0.7166,0.4578,0
slic_lab,300.0000,160.8167,0.9333,0.3674,0.8109,0.5345,0
slic_lab,1000.0000,753.5500,0.9664,0.5937,0.9052,0.5421,0
watershed,100.0000,100.0000,0.8995,0.2000,0.7364,0.3655,0
watershed,300.0000,289.0000,0.9296,0.3099,0.8130,0.4351,0
watershed,1000.0000,1024.0000,0.9570,0.4909,0.8811,0.4247,0
