image,nucleus_id,centroid_x,centroid_y,predicted_type_id,predicted_type,confidence,bbox_xmin,bbox_ymin,bbox_xmax,bbox_ymax
image_000.png,0,156.525,4.66875,1,Neoplastic,0.99999999375,146,0,164,13
image_000.png,1,139.92220543806647,64.0929003021148,1,Neoplastic,0.9833836850578672,114,48,164,81
image_000.png,2,146.76923076923077,156.30581613508443,3,Connective,0.988742962497668,123,145,164,164
image_001.png,0,71.06424581005587,11.86219739292365,3,Connective,0.9143389190741722,40,1,99,26
image_001.png,1,18.46917450365726,18.683385579937305,1,Neoplastic,0.6603970735001076,0,4,43,38
image_001.png,2,100.66496163682865,48.19948849104859,3,Connective,0.8043478250583788,78,33,124,65
image_001.png,3,150.5811320754717,95.77735849056603,2,Inflammatory,0.6905660351299395,142,87,160,106
image_001.png,4,73.63195435092724,105.64194008559201,1,Neoplastic,0.8930099844607561,58,91,88,122
image_001.png,5,89.01515151515152,148.21969696969697,3,Connective,0.2803030281795225,82,142,96,156
image_002.png,0,65.64285714285714,27.805647840531563,3,Connective,0.9966777392081765,49,16,83,41
image_002.png,1,45.193308550185876,65.13011152416357,1,Neoplastic,0.9628252770207709,31,52,59,78
image_003.png,0,82.17092488502811,34.563873275421564,1,Neoplastic,0.964741951720812,47,0,118,74
image_003.png,1,6.298181818181818,22.105454545454545,1,Neoplastic,0.9963636327404959,0,8,17,32
image_003.png,2,6.616564417177914,41.59509202453988,1,Neoplastic,0.9999999969325154,0,31,18,57
image_003.png,3,159.4144144144144,78.29729729729729,3,Connective,0.9009008927846767,154,71,164,86
image_003.png,4,59.36304246383574,140.93700419972,1,Neoplastic,0.9911339239425414,30,119,88,164
image_003.png,5,25.453890489913544,152.78818443804033,1,Neoplastic,0.994236309806576,8,131,49,164
image_004.png,0,127.43442622950819,49.10655737704918,3,Connective,0.8606557306503628,121,43,136,55
image_004.png,1,138.38423645320196,66.9088669950739,3,Connective,0.9999999975369458,128,48,152,87
image_004.png,2,96.22716049382716,75.72839506172839,3,Connective,0.9999999975308642,87,55,108,98
image_004.png,3,52.72282608695652,156.83967391304347,1,Neoplastic,0.9782608669068998,39,148,70,164
image_005.png,0,151.18346253229976,6.764857881136951,1,Neoplastic,0.9999999974160206,134,0,164,17
image_006.png,0,157.16883116883116,5.071428571428571,1,Neoplastic,0.9999999935064936,148,0,164,13
image_006.png,1,92.40979381443299,23.435567010309278,3,Connective,0.9536082449649272,79,13,105,37
image_006.png,2,159.04868913857678,50.333333333333336,1,Neoplastic,0.9962546779166491,153,35,164,68
image_006.png,3,46.86194201564658,83.10262310170272,1,Neoplastic,0.9935572936062783,23,54,75,110
image_006.png,4,11.290413533834586,96.38815789473685,1,Neoplastic,0.9624060141330769,0,73,28,121
image_006.png,5,46.22914572864322,148.40301507537689,1,Neoplastic,0.9919597979980304,23,134,69,164
image_006.png,6,17.88046647230321,156.93002915451896,1,Neoplastic,0.9854227376518288,1,147,31,164
image_006.png,7,78.73157894736842,156.63333333333333,1,Neoplastic,0.9456140334287473,54,145,106,164
image_007.png,0,115.46333333333334,10.696666666666667,2,Inflammatory,0.9999999966666667,107,0,124,22
image_007.png,1,28.838187702265373,33.45199568500539,1,Neoplastic,0.9482200637020279,13,15,47,54
image_007.png,2,67.40261282660333,45.190023752969125,1,Neoplastic,0.6520190016009275,51,25,84,65
image_007.png,3,133.1509067357513,63.990932642487046,1,Neoplastic,0.9598445589638311,115,35,151,96
image_007.png,4,6.542253521126761,77.82394366197182,3,Connective,0.8380281631124777,0,71,15,85
image_007.png,5,114.29729729729729,108.70270270270271,1,Neoplastic,0.9740124729999871,97,89,130,128
image_007.png,6,12.33130081300813,142.4441056910569,1,Neoplastic,0.9939024380143268,0,119,27,164
image_007.png,7,67.39442231075697,140.21115537848607,3,Connective,0.9907038499459444,54,119,82,163
image_008.png,0,15.62962962962963,6.486111111111111,1,Neoplastic,0.9999999976851852,0,0,32,16
image_008.png,1,154.10819165378672,18.08809891808346,1,Neoplastic,0.996908808350991,142,0,164,37
image_008.png,2,119.47974683544304,45.85316455696203,1,Neoplastic,0.9721518975036052,101,33,142,61
image_008.png,3,146.71830985915494,89.4225352112676,1,Neoplastic,0.6338028079746083,138,84,154,95
image_008.png,4,36.431254695717506,105.51540195341849,1,Neoplastic,0.9887302772436286,15,87,60,126
image_008.png,5,78.39289805269186,138.35395189003435,1,Neoplastic,0.9977090481125899,62,123,97,155
image_008.png,6,3.367088607594937,158.91139240506328,1,Neoplastic,0.9746835319660313,0,152,10,164
image_008.png,7,131.35042735042734,160.55555555555554,1,Neoplastic,0.9999999914529916,120,157,143,164
image_009.png,0,3.4204545454545454,4.568181818181818,1,Neoplastic,0.9772727161673556,0,0,10,13
image_009.png,1,120.93692224034801,31.016856987493203,1,Neoplastic,0.946166394265271,101,5,142,61
image_009.png,2,3.903225806451613,57.064516129032256,1,Neoplastic,0.7903225763961151,0,46,10,74
image_009.png,3,49.87407407407407,93.20555555555555,1,Neoplastic,0.9907407398233881,30,76,69,114
image_009.png,4,90.64595103578154,107.49623352165725,1,Neoplastic,0.9736346506839597,71,81,111,137
image_009.png,5,122.38863287250385,100.58218125960062,1,Neoplastic,0.9784946221528501,109,84,137,118
image_009.png,6,33.143718592964824,119.4502512562814,1,Neoplastic,0.9919597979980304,16,102,58,139
image_009.png,7,87.223752151463,150.5223752151463,1,Neoplastic,0.9905335619702809,66,132,115,164
image_009.png,8,41.325301204819276,160.6987951807229,1,Neoplastic,0.9999999879518074,33,157,49,164
